,XGBOD,MOGAAL,DeepSAD,REPEN,DevNet,PReNet,FEAWAD
6_cardio.npz,0.7847464215017291,0.0539957079424975,0.5146054921897345,0.6183029147673036,0.9538741993484448,0.9145348439869053,0.9258519423174498
25_musk.npz,0.9999999999999999,0.01660630646540924,0.7905754553330542,0.9737618307178353,0.9999999999999998,0.9999999999999998,0.9999999999999998
26_optdigits.npz,0.8411386577680572,0.01892544443296926,0.8373037938187047,0.038710236735239385,1.0,1.0,0.9969418740928109
37_speech.npz,0.09578381417088869,0.014820914916974737,0.021484537833565118,0.016904885752562784,0.08246692748125596,0.08565587905421275,0.07378750507215484
41_vowels.npz,0.6871619514117491,0.03234542586867522,0.3549808319107173,0.33514055788274266,0.6065623930503193,0.6475143884177794,0.42042002994867333
