,XGBOD,MOGAAL,DeepSAD,REPEN,DevNet,PReNet,FEAWAD
6_cardio.npz,0.9592270604760639,0.13416347139440415,0.8998899054705592,0.9522417524011997,0.9932804373410273,0.9869405109904711,0.9702365134201436
25_musk.npz,1.0,0.017590081363812484,0.9622239442076714,0.9983727237504842,1.0,1.0,1.0
26_optdigits.npz,0.9928801169590643,0.29096491228070176,0.9842543859649122,0.6510233918128654,1.0,1.0,0.9999122807017544
37_speech.npz,0.5604575163398693,0.43137254901960786,0.5374795751633987,0.43321078431372545,0.6485906862745099,0.6651348039215685,0.49300449346405223
41_vowels.npz,0.9302527646129541,0.29826224328594,0.8856240126382307,0.8173775671406003,0.923696682464455,0.9278041074249606,0.9503949447077409
