,PCA,OCSVM,LOF,CBLOF,HBOS,KNN,COPOD,ECOD,IForest,LODA,DeepSVDD,DAGMM
credit_card,0.0025556820885797877,0.01596425026088024,0.060093093846420885,0.03242871755683663,0.003153893427510754,0.0028830204903052443,0.004137717746224945,0.0032615013968092907,0.0031074467370170835,0.008148189711200071,0.0018085670071988588,0.007893785367919504
