,DeepSVDD,DAGMM,COPOD,ECOD,IForest,DevNet,CatB
6_cardio.npz,0.3233060984259884,0.20108000670064285,0.6041458978725394,0.5928251245390739,0.6157182148130151,0.9535463256429332,0.9090863055235378
25_musk.npz,0.18315679603192345,0.287838577919775,0.4395501884487759,0.5829916451995415,0.9999999999999998,0.9999999999999998,0.9999999999999998
26_optdigits.npz,0.020051587355953592,0.017646680003917187,0.044084925705787245,0.034623781915132455,0.07675915031885046,1.0,0.8954947190708746
37_speech.npz,0.0188097821855615,0.03779846259997391,0.017850619455390702,0.017334445598631343,0.01601341200850881,0.08324788664844998,0.022035359921645094
41_vowels.npz,0.04633123718152838,0.04722610895907875,0.049136566626663124,0.16246935200132734,0.38967530006993234,0.5834735151526054,0.5332927688096551
