,DeepSVDD,DAGMM,COPOD,ECOD,IForest,DevNet,CatB
6_cardio.npz,0.6894954633461146,0.704567024790251,0.9283626286017995,0.9428267719524696,0.944193462662769,0.9929008010326108,0.9838274932614556
25_musk.npz,0.6559085625726462,0.7719101123595505,0.9552499031383185,0.9645486245641225,1.0,1.0,1.0
26_optdigits.npz,0.32435672514619884,0.23293859649122803,0.695248538011696,0.610014619883041,0.8253654970760234,1.0,0.9965058479532163
37_speech.npz,0.5455984477124183,0.4880514705882353,0.5021956699346406,0.4694138071895425,0.48427287581699346,0.6681474673202614,0.5690359477124183
41_vowels.npz,0.5595576619273303,0.558609794628752,0.5014218009478673,0.5642969984202211,0.7807266982622432,0.9156398104265402,0.8489731437598735
