,PCA,OCSVM,LOF,CBLOF,HBOS,KNN,COPOD,ECOD,IForest,LODA,DeepSVDD,DAGMM
credit_card,0.6436631690017,0.8998729370087597,0.9038109391412633,0.930871949973304,0.7157579497546671,0.6262236150213172,0.7756435930625508,0.7080334071101408,0.7182138143771299,0.8443310418689984,0.4500289139599767,0.7847817907009536
